{"cameraMode":{"drawMode":0,"name":"Shaded","section":"Shading Mode"},"sceneLighting":true,"audioPlay":false,"sceneViewState":{"showFog":true,"showMaterialUpdate":true,"showSkybox":false,"showFlares":true,"showImageEffects":true,"showParticleSystems":true,"showVisualEffectGraphs":true,"m_FxEnabled":false},"in2DMode":false,"pivot":{"x":10.187039375305176,"y":6.038789749145508,"z":24.14900016784668},"rotation":{"x":-0.002462200354784727,"y":-0.7134772539138794,"z":0.002222613198682666,"w":-0.7010220289230347},"size":1.2125146389007569,"orthographic":false}