{"cameraMode":{"drawMode":0,"name":"Shaded","section":"Shading Mode"},"sceneLighting":true,"audioPlay":false,"sceneViewState":{"showFog":true,"showMaterialUpdate":true,"showSkybox":true,"showFlares":true,"showImageEffects":true,"showParticleSystems":true,"showVisualEffectGraphs":true,"m_FxEnabled":false},"in2DMode":false,"pivot":{"x":11.417743682861329,"y":4.082414627075195,"z":9.175239562988282},"rotation":{"x":-0.0016967806732282043,"y":0.7577165365219116,"z":-0.0029076605569571258,"w":-0.6530858874320984},"size":3.2811906337738039,"orthographic":false}