{"cameraMode":{"drawMode":0,"name":"Shaded","section":"Shading Mode"},"sceneLighting":true,"audioPlay":false,"sceneViewState":{"showFog":true,"showMaterialUpdate":true,"showSkybox":true,"showFlares":true,"showImageEffects":true,"showParticleSystems":true,"showVisualEffectGraphs":true,"m_FxEnabled":false},"in2DMode":false,"pivot":{"x":13.963602066040039,"y":2.1302084922790529,"z":-0.8904314637184143},"rotation":{"x":0.00524854427203536,"y":-0.9893682599067688,"z":0.1407441943883896,"w":0.03677992522716522},"size":3.199575185775757,"orthographic":false}