{"cameraMode":{"drawMode":0,"name":"Shaded","section":"Shading Mode"},"sceneLighting":true,"audioPlay":false,"sceneViewState":{"showFog":true,"showMaterialUpdate":true,"showSkybox":true,"showFlares":true,"showImageEffects":true,"showParticleSystems":true,"showVisualEffectGraphs":true,"m_FxEnabled":false},"in2DMode":false,"pivot":{"x":15.504157066345215,"y":0.062410637736320499,"z":8.415016174316407},"rotation":{"x":-0.008279848843812943,"y":0.9917536973953247,"z":-0.09280714392662049,"w":-0.08825086802244187},"size":0.7995755076408386,"orthographic":false}