{"cameraMode":{"drawMode":0,"name":"Shaded","section":"Shading Mode"},"sceneLighting":true,"audioPlay":false,"sceneViewState":{"showFog":true,"showMaterialUpdate":true,"showSkybox":true,"showFlares":true,"showImageEffects":true,"showParticleSystems":true,"showVisualEffectGraphs":true,"m_FxEnabled":false},"in2DMode":false,"pivot":{"x":9.908462524414063,"y":3.3834729194641115,"z":13.67805290222168},"rotation":{"x":0.051027487963438037,"y":-0.1026478111743927,"z":0.005185537505894899,"w":0.9934712648391724},"size":4.7384257316589359,"orthographic":false}