{"cameraMode":{"drawMode":0,"name":"Shaded","section":"Shading Mode"},"sceneLighting":true,"audioPlay":false,"sceneViewState":{"showFog":true,"showMaterialUpdate":true,"showSkybox":true,"showFlares":true,"showImageEffects":true,"showParticleSystems":true,"showVisualEffectGraphs":true,"m_FxEnabled":false},"in2DMode":false,"pivot":{"x":4.811243534088135,"y":3.358825445175171,"z":2.4046144485473635},"rotation":{"x":0.009368518367409706,"y":-0.9901955723762512,"z":0.11668578535318375,"w":0.0784434825181961},"size":1.2949557304382325,"orthographic":false}