{"cameraMode":{"drawMode":0,"name":"Shaded","section":"Shading Mode"},"sceneLighting":false,"audioPlay":false,"sceneViewState":{"showFog":true,"showMaterialUpdate":true,"showSkybox":true,"showFlares":true,"showImageEffects":true,"showParticleSystems":true,"showVisualEffectGraphs":true,"m_FxEnabled":false},"in2DMode":false,"pivot":{"x":2.423276424407959,"y":3.871161937713623,"z":5.360836982727051},"rotation":{"x":-0.0047394693829119209,"y":-0.9874791502952576,"z":-0.032347433269023898,"w":0.15574334561824799},"size":8.801260948181153,"orthographic":false}