{"cameraMode":{"drawMode":0,"name":"Shaded","section":"Shading Mode"},"sceneLighting":true,"audioPlay":false,"sceneViewState":{"showFog":true,"showMaterialUpdate":true,"showSkybox":true,"showFlares":true,"showImageEffects":true,"showParticleSystems":true,"showVisualEffectGraphs":true,"m_FxEnabled":false},"in2DMode":false,"pivot":{"x":10.563056945800782,"y":3.9179162979125978,"z":19.86682891845703},"rotation":{"x":-0.11679109930992127,"y":-0.07454198598861695,"z":0.008381125517189503,"w":-0.9907411932945252},"size":2.7988996505737306,"orthographic":false}