{"cameraMode":{"drawMode":0,"name":"Shaded","section":"Shading Mode"},"sceneLighting":false,"audioPlay":false,"sceneViewState":{"showFog":true,"showMaterialUpdate":true,"showSkybox":false,"showFlares":true,"showImageEffects":true,"showParticleSystems":true,"showVisualEffectGraphs":true,"m_FxEnabled":false},"in2DMode":false,"pivot":{"x":3.5536277294158937,"y":2.742327928543091,"z":16.40023422241211},"rotation":{"x":-0.01385902613401413,"y":-0.9622750878334045,"z":0.05093974247574806,"w":-0.26734527945518496},"size":0.49272283911705019,"orthographic":false}