{"cameraMode":{"drawMode":0,"name":"Shaded","section":"Shading Mode"},"sceneLighting":false,"audioPlay":false,"sceneViewState":{"showFog":true,"showMaterialUpdate":true,"showSkybox":false,"showFlares":true,"showImageEffects":true,"showParticleSystems":true,"showVisualEffectGraphs":true,"m_FxEnabled":false},"in2DMode":false,"pivot":{"x":19.979970932006837,"y":3.9800000190734865,"z":13.260000228881836},"rotation":{"x":0.06496942788362503,"y":0.8007822632789612,"z":-0.08828627318143845,"w":0.5892223119735718},"size":4.1968464851379398,"orthographic":false}